<?xml version="1.0" encoding="UTF-8"?>
<configuration>
	<include resource="org/springframework/boot/logging/logback/defaults.xml"/>
	​
	<springProperty scope="context" name="springAppName" source="spring.application.name"/>
	<property name="LOG_FILE" value="${springAppName}"/>​


	<property name="CONSOLE_LOG_PATTERN"
			  value="%clr(%d{yyyy-MM-dd HH:mm:ss.SSS}){faint} %clr(${LOG_LEVEL_PATTERN:-%5p}) %clr(${PID:- }){magenta} %clr(---){faint} %clr([%15.15t]){faint} %clr(%-40.40logger{39}){cyan} %clr(:){faint} %mdc %m%n${LOG_EXCEPTION_CONVERSION_WORD:-%wEx}"/>


	<property name="STE_EXCLUSIONS"
			  value="\$\$FastClassByCGLIB\$\$,\$\$EnhancerBySpringCGLIB\$\$,^sun\.reflect\..*\.invoke,^com\.sun\.,^sun\.net\.,^net\.sf\.cglib\.proxy\.MethodProxy\.invoke,^org\.springframework\.cglib\.,^org\.springframework\.transaction\.,^org\.springframework\.validation\.,^org\.springframework\.app\.,^org\.springframework\.aop\.,^java\.lang\.reflect\.Method\.invoke,^org\.springframework\.ws\..*\.invoke,^org\.springframework\.ws\.transport\.,^org\.springframework\.ws\.soap\.saaj\.SaajSoapMessage\.,^org\.springframework\.ws\.client\.core\.WebServiceTemplate\.,^org\.springframework\.web\.filter\.,^org\.apache\.tomcat\.,^org\.apache\.catalina\.,^org\.apache\.coyote\.,^java\.util\.concurrent\.ThreadPoolExecutor\.runWorker,^java\.lang\.Thread\.run$"/>


	<appender name="console" class="ch.qos.logback.core.ConsoleAppender">
		<encoder>
			<pattern>${CONSOLE_LOG_PATTERN}</pattern>
			<charset>utf8</charset>
		</encoder>
	</appender>


	<appender name="flatfile" class="ch.qos.logback.core.rolling.RollingFileAppender">
		<file>${LOG_PATH:-.}/${LOG_FILE}.log</file>
		<rollingPolicy class="ch.qos.logback.core.rolling.TimeBasedRollingPolicy">
			<fileNamePattern>${LOG_FILE}.log.%d{yyyy-MM-dd}.gz</fileNamePattern>
			<maxHistory>7</maxHistory>
		</rollingPolicy>
		<encoder>
			<pattern>${CONSOLE_LOG_PATTERN}</pattern>
			<charset>utf8</charset>
		</encoder>
	</appender>
	​

	<appender name="json" class="ch.qos.logback.core.rolling.RollingFileAppender">
		<file>${LOG_PATH:-.}/${LOG_FILE}.json</file>
		<rollingPolicy class="ch.qos.logback.core.rolling.TimeBasedRollingPolicy">
			<fileNamePattern>${LOG_FILE}.json.%d{yyyy-MM-dd}.gz</fileNamePattern>
			<maxHistory>7</maxHistory>
		</rollingPolicy>
		<encoder class="net.logstash.logback.encoder.LoggingEventCompositeJsonEncoder">
			<providers>
				<mdc/>
				<timestamp>
					<timeZone>UTC</timeZone>
				</timestamp>
				<provider class="net.logstash.logback.composite.loggingevent.StackHashJsonProvider">
					<exclusions>${STE_EXCLUSIONS}</exclusions>
				</provider>
				<stackTrace>
					<throwableConverter class="net.logstash.logback.stacktrace.ShortenedThrowableConverter">
						<inlineHash>true</inlineHash>
						<exclusions>${STE_EXCLUSIONS}</exclusions>
						<rootCauseFirst>true</rootCauseFirst>
						<maxLength>3000</maxLength>
					</throwableConverter>
				</stackTrace>
				<pattern>
					<pattern>
						{
						"severity": "%level",
						"service": "${springAppName:-}",
						"pid": "${PID:-}",
						"thread": "%thread",
						"class": "%logger",
						"mdc": "%mdc",
						"rest": "%message"
						}
					</pattern>
				</pattern>
			</providers>
		</encoder>
	</appender>
	​

	<root level="INFO">
		<appender-ref ref="console"/>
		<appender-ref ref="json"/>
		<appender-ref ref="flatfile"/>
	</root>
</configuration>
