Gabriel,male
Arthur,male
Louise,female
Raphael,male
Adam,male
Chloe,female
Paul,male
Alexandre,male
Louis,male
Emma,female
Antoine,male
Maxime,male
Alice,female
Ines,female
Sarah,female
Jeanne,female
Lucas,male
Victor,male
Mohamed,male
Camille,female
Juliette,female
Lea,female
Nathan,male
Thomas,male
Sacha,male
Jules,male
Eva,female
Lina,female
Hugo,male
Manon,female
Zoe,female
Adrien,male
Nina,female
Jade,female
Noah,male
Anna,female
Clement,male
Gaspard,male
Joseph,male
Augustin,male
Charlotte,female
Anais,female
Rayan,male
Ethan,male
Oscar,male
Martin,male
Samuel,male
Yanis,male
Baptiste,male
Mathilde,female
Romane,female
Leo,male
Clemence,female
Enzo,male
Lucie,female
Rose,female
Gabrielle,female
Lou,female
Simon,male
Noe,male
Clara,female
Adele,female
Sofia,female
Maxence,male
Marie,female
Axel,male
Lisa,female
Victoire,female
Josephine,female
Theo,male
Valentin,male
Alexis,male
Leonie,female
Heloise,female
Julia,female
Ava,female
Lola,female
Liam,male
Margaux,female
Maya,female
Quentin,male
Valentine,female
Charles,male
Come,male
Agathe,female
Pierre,male
Yasmine,female
Aaron,male
Alix,female
Elisa,female
Diane,female
Mathis,male
Mila,female
Victoria,female
Jean,male
Apolline,female
Benjamin,male
Noemie,female
Elise,female
Gabin,male
Camille,male
Ismael,male
Lena,female
Olivia,female
Pauline,female
Sara,female
Timothee,male
Elsa,female
Margot,female
David,male
Leon,male
Capucine,female
Tom,male
Alicia,female
Elias,male
Salome,female
Eliott,male
Lucien,male
Mael,male
Romain,male
Isaac,male
Noam,male
Emilie,female
Robin,male
Youssef,male
Aya,female
Ibrahim,male
Nael,male
Felix,male
Laura,female
Nour,female
Tristan,male
Iris,female
Matthieu,male
Ruben,male
Joshua,male
Mariam,female
Esther,female
Fatoumata,female
Lily,female
Romy,female
Violette,female
William,male
Garance,female
Julie,female
Nicolas,male
Ulysse,male
Octave,male
Constance,female
Eleonore,female
Amine,male
Leonard,male
Luna,female
Suzanne,female
Daniel,male
Daphne,female
Julien,male
Stella,female
Ambre,female
Evan,male
Malo,male
Marius,male
Nolan,male
Roman,male
Samy,male
Faustine,female
Gustave,male
Mehdi,male
Sophie,female
Yacine,male
Eden,female
Gregoire,male
Sasha,female
Antonin,male
Aurelien,male
Ayoub,male
Eloise,female
Solal,male
Achille,male
Ines,female
Oceane,female
Sophia,female
Anatole,male
Edouard,male
Elie,male
Lila,female
Mathias,male
Rafael,male
Emmanuel,male
Justine,female
Lenny,male
Amir,male
Hadrien,male
Lena,female
Lyna,female
Milo,male
Noham,male
Theodore,male
Aminata,female
Armand,male
Celeste,female
Edgar,male
Mathieu,male
Noa,female
Rayane,male
Thibault,male
Auguste,male
Madeleine,female
Matheo,male
Ahmed,male
Aicha,female
Anis,male
Assia,female
Basile,male
Marion,female
Vadim,male
Ali,male
Esteban,male
Manel,female
Melissa,female
Myriam,female
Sixtine,female
Vincent,male
Lise,female
Roxane,female
Wassim,male
Yassine,male
Clementine,female
Inaya,female
Melina,female
Mia,female
Moussa,male
Abel,male
Anouk,female
Cesar,male
Emile,male
Kenza,female
Lilia,female
Luca,male
Maelys,female
Celia,female
Charlie,female
Chiara,female
Ella,female
Eugenie,female
Guillaume,male
Leopold,male
Theophile,male
Titouan,male
Arsene,male
Diego,male
Hector,male
Ilyes,male
Issa,male
Joachim,male
Lilou,female
Max,male
Paloma,female
Zakaria,male
Corentin,male
Estelle,female
Hanna,female
Imane,female
Jasmine,female
Noa,male
Sofiane,male
Stanislas,male
Zelie,female
Alex,male
Amaury,male
Amelie,female
Fatima,female
Florian,male
Lorenzo,male
Louna,female
Mamadou,male
Marguerite,female
Nathanael,male
Adem,male
Albane,female
Alma,female
Blanche,female
Erwan,male
Eve,female
Marin,male
Sami,male
Younes,male
Amina,female
Berenice,female
Hortense,female
Isaure,female
Jacques,male
Maria,female
Maryam,female
Nassim,male
Salma,female
Selma,female
Thais,female
Hippolyte,male
Livia,female
Marc,male
Naomi,female
Ninon,female
Alban,male
Alexandra,female
Awa,female
Dina,female
Djibril,male
Hawa,female
Ibrahima,male
Ilian,male
Kais,male
Kylian,male
Maelle,female
Maissa,female
Maximilien,male
Nino,male
Tess,female
Amira,female
Anaelle,female
Dylan,male
Elisabeth,female
Elliot,male
Leane,female
Loic,male
Marine,female
Penelope,female
Tiago,male
Timeo,male
Timothe,male
Virgile,male
Yann,male
Alexia,female
Anas,male
Angele,female
Anthony,male
Bintou,female
Charline,female
Claire,female
Colombe,female
Farah,female
Luc,male
Matteo,male
Milan,male
Nora,female
Oumou,female
Ousmane,male
Pablo,male
Rachel,female
Souleymane,male
Andrea,male
Celine,female
Coline,female
Dimitri,male
Elena,female
Eliot,male
Giulia,female
Hannah,female
Henri,male
Khadija,female
Leandre,male
Lucile,female
Marcus,male
Matthias,male
Romeo,male
Sirine,female
Ana,female
Aurore,female
Axelle,female
Charlie,male
Kevin,male
Lassana,male
Marwa,female
Mathys,male
Mohammed,male
Nahel,male
Rebecca,female
Aymen,male
Brune,female
Cleo,female
Dorian,male
Elina,female
Emy,female
Ethel,female
Fanta,female
Francois,male
Gael,male
Helene,female
Jonas,male
Louane,female
Maia,female
Marceau,male
Matteo,male
Morgane,female
Rafael,male
Zacharie,male
Abdoulaye,male
Amandine,female
Aurele,male
Bianca,female
Eden,male
Gaston,male
Hamza,male
Hana,female
Kenzo,male
Mina,female
Nael,male
Nils,male
Olivier,male
Raphael,male
Raphaelle,female
Sasha,male
Syrine,female
Alienor,female
Alya,female
Amadou,male
Ambroise,male
Ariane,female
Camelia,female
Cassandre,female
Clotilde,female
Emmy,female
Eric,male
Etienne,male
Ilyas,male
Ismail,male
Judith,female
Justin,male
Karim,male
Lana,female
Lara,female
Lison,female
Louisa,female
Neil,male
Omar,male
Philippine,female
Remi,male
Ryan,male
Solene,female
Aliya,female
Andre,male
Anton,male
Astrid,female
Aymeric,male
Damien,male
eleonore,female
Elliott,male
Elya,female
Flora,female
Jenna,female
Jessica,female
Johan,male
Julian,male
Kelly,female
Laure,female
Luka,male
Maimouna,female
Mariama,female
Naim,male
Owen,male
Sandro,male
Wael,male
Walid,male
Aissatou,female
Aksel,male
Balthazar,male
Caroline,female
Elea,female
Elia,female
Ewen,male
Gauthier,male
Idriss,male
James,male
Leonore,female
Louison,female
Maxine,female
Michel,male
Oumar,male
Tessa,female
Adama,male
Aissata,female
Ashley,female
Assa,female
Audrey,female
Bastien,male
Bilel,male
Colette,female
Constantin,male
Elyes,male
Hanae,female
Leonardo,male
Maeva,female
Mayeul,male
Mya,female
Nayla,female
Norah,female
Rania,female
Sam,male
Shirel,female
Sibylle,female
Tara,female
Wael,male
Yohan,male
Youssouf,male
Adel,male
Alan,male
Anae,female
Anastasia,female
Augustine,female
Calixte,male
Coumba,female
Diana,female
Domitille,female
Eloi,male
Ernest,male
Ewan,male
Ferdinand,male
Ilan,male
Ivan,male
Jana,female
Jonathan,male
Lili,female
Loane,female
Ludivine,female
Melissa,female
Nine,female
Philomene,female
Robinson,male
Rosalie,female
Sonia,female
Thelma,female
Alia,female
Angelina,female
Boubacar,male
Bryan,male
Christian,male
Christophe,male
Clarisse,female
Enora,female
Fares,male
Georges,male
Jad,male
Kamil,male
Lilya,female
Lino,male
Marcel,male
Mateo,male
Mateo,male
Maylis,female
Melvil,male
Mona,female
Mouhamed,male
Nada,female
Naelle,female
Nell,female
Niels,male
Sacha,female
Serena,female
Soline,female
Talia,female
Wendy,female
Yara,female
Aliyah,female
Alyssa,female
Andrea,female
Andy,male
Anissa,female
Bilal,male
Carla,female
Charly,male
Chris,male
Cleophee,female
Colin,male
Dan,male
elea,female
Elio,male
Elouan,male
Ema,female
Emmanuelle,female
Emna,female
Eugene,male
Felicie,female
Fleur,female
Florent,male
Gaetan,male
Isabelle,female
Jeremy,male
June,female
Kevin,male
Kiara,female
Leila,female
Lilas,female
Lilian,male
Louka,male
Mahamadou,male
Malak,female
Malik,male
Marilou,female
Marwane,male
Maud,female
Maxim,male
Melina,female
Naomie,female
Nawel,female
Oren,male
Rita,female
Sekou,male
Shana,female
Soren,male
Valentina,female
Zachary,male
Abdoul,male
Aboubacar,male
Alessio,male
Amelia,female
Andreas,male
Anouck,female
Asma,female
Aurelie,female
Camil,male
Dalia,female
Darius,male
Eyal,male
Fanny,female
Fatou,female
Florence,female
Gabriela,female
Hassan,male
Ilyana,female
Imran,male
Ismael,male
Jeremie,male
Jordan,male
Kenan,male
Lior,male
Liv,female
Loan,male
Lukas,male
Marianne,female
Marley,male
Meline,female
Mellina,female
Nahil,male
Pia,female
Prune,female
Rami,male
Tali,female
Youcef,male
Zadig,male
Zahra,female
Adriana,female
Alistair,male
Alix,male
Amelia,female
Armel,male
Bertille,female
Billie,female
Chaima,female
Cheick,male
Clelia,female
Cyprien,male
elise,female
eloise,female
Elyas,male
Emilia,female
Emilien,male
Eulalie,female
Flore,female
Gabriella,female
Gloria,female
Isis,female
Iyad,male
Lou,male
Lya,female
Lyam,male
Lylia,female
Mahaut,female
Mariame,female
Marwan,male
Melchior,male
Mickael,male
Milena,female
Morgan,male
Naila,female
Neila,female
Nikita,male
Ornella,female
Philippe,male
Rokia,female
Selyan,male
Sienna,female
Teo,male
Thibaut,male
Younes,male
Adrian,male
Aida,female
Aidan,male
Alassane,male
Albert,male
Alessandro,male
Aline,female
Alisha,female
Alois,male
Alycia,female
Amel,female
Angelo,male
Ariel,male
Athenais,female
Avril,female
Benoit,male
Blandine,female
Cecile,female
Celia,female
Christopher,male
Cloe,female
Clovis,male
Damian,male
Dario,male
elie,male
Ellie,female
Fatim,female
Filip,male
Gaetan,male
Grace,female
Honore,male
Ilias,male
Ilyan,male
Ilyes,male
Irene,female
Issam,male
Iyed,male
Khadidja,female
Kim,female
Lahna,female
Lamine,male
Leandro,male
Lia,female
Line,female
Lucia,female
Lucy,female
Lyes,male
Maeva,female
Mahault,female
Mario,male
Marvin,male
Mathilda,female
Mayssa,female
Melvin,male
Nesrine,female
Nolann,male
Nolhan,male
Noor,female
Nourane,female
Roxanne,female
Ryad,male
Sabrina,female
Sana,female
Sean,male
Simeon,male
Tony,male
Yael,female
Yael,female
Yoann,male
Abraham,male
Alyah,female
Alyssia,female
Amy,female
Ania,female
Anne,female
Anselme,male
Ari,male
Arnaud,male
Assya,female
Bakary,male
Cameron,male
Candice,female
Christine,female
Clea,female
Cyril,male
Daria,female
elisa,female
Elly,female
Elodie,female
Emeline,female
emile,male
emilie,female
Emily,female
Emir,male
eva,female
Fares,male
Flavie,female
Gautier,male
Guilhem,male
Hafsa,female
Hayden,male
Hermine,female
Ian,male
Idrissa,male
Imene,female
Islam,male
Janna,female
Jean-Baptiste,male
Jibril,male
Joan,male
Johanna,female
Katia,female
Kenny,male
Kilian,male
Laetitia,female
Lazare,male
Leina,female
Leyna,female
Lindsay,female
Liza,female
Luce,female
Mael,male
Mahe,male
Malia,female
Marco,male
Marlon,male
Matias,male
Matis,male
Meriem,female
Merlin,male
Milhan,male
Moustapha,male
Nelia,female
Neyla,female
Noan,male
Noelie,female
Paola,female
Rahma,female
Raoul,male
Rodrigue,male
Ronan,male
Salimata,female
Samba,male
Sebastien,male
Sidonie,female
Silas,male
Sohane,female
Souleyman,male
Stefan,male
Tania,female
Tasnim,female
Tiffany,female
Vanessa,female
Vasco,male
Viktor,male
Yani,male
Yannis,male
Yse,female
Zakariya,male
Aleksandra,female
Alessia,female
Alfred,male
Allan,male
Amalia,female
Amara,male
Ambrine,female
Andrea,female
Angela,female
Angelina,female
Annaelle,female
Anya,female
Aristide,male
Artus,male
Aubin,male
Auriane,female
Aziz,male
Ben,male
Binta,female
Celestin,male
Celestine,female
Celian,male
Chahine,male
Djeneba,female
Elena,female
Elior,male
Elyne,female
Erin,female
Evann,male
eve,female
Ezio,male
Fadi,male
Harry,male
Hedi,male
Helena,female
Henry,male
Hiba,female
Hind,female
Imrane,male
Jaden,male
Jason,male
Jeremy,male
Joanna,female
Kadiatou,female
Karl,male
Kayna,female
Khalil,male
Killian,male
Laetitia,female
Lauren,female
Laurent,male
Leana,female
Leonard,male
Linda,female
Linoi,female
Liora,female
Lisandro,male
Lital,female
Lois,male
Lou-Ann,female
Louay,male
Louca,male
Lydia,female
Lyla,female
Mae,female
Maelie,female
Maelyne,female
Maeva,female
Mahmoud,male
Mailys,female
Maiwenn,female
Manelle,female
Marko,male
Matilde,female
Mattia,male
Melody,female
Mendel,male
Meryam,female
Mohamed-Amine,male
Nabil,male
Nadia,female
Natalia,female
Nelly,female
Nicole,female
Noura,female
Oliver,male
Olympe,female
Pacome,male
Pedro,male
Ranya,female
Safa,female
Salim,male
Samia,female
Santiago,male
Scarlett,female
Selena,female
Soumaya,female
Tamara,female
Thea,female
Tiphaine,female
Tomas,male
Vianney,male
Viviane,female
Warren,male
Willy,male
Xavier,male
Yohann,male
Yossef,male
Ysee,female
Abdallah,male
Abigail,female
Aby,female
Adame,male
Adil,male
Agnes,female
Ahmad,male
Aisha,female
Alba,female
Alexander,male
Alima,female
Alina,female
Alissa,female
Alizee,female
Allegra,female
Amanda,female
Aris,male
Arman,male
Ayline,female
Aymane,male
Barbara,female
Blessing,female
Bonnie,female
Brahim,male
Brieuc,male
Camilia,female
Carl,male
Cassandra,female
Cassie,female
Cecilia,female
Chayma,female
Clarence,male
Clothilde,female
Dani,male
Daouda,male
Darine,female
Deborah,female
Deborah,female
El,male
Ela,female
Eleanore,female
Eliana,female
elias,male
Elizabeth,female
elodie,female
Elyssa,female
Enguerrand,male
Erwann,male
Fabio,male
Fatouma,female
Fiona,female
Fode,male
Goundo,female
Grace,female
Haroun,male
Haya,female
Hillel,male
Idris,male
Iliana,female
Ilona,female
Imad,male
Irina,female
Isra,female
Jayden,male
Jimmy,male
Joakim,male
Joana,female
Johann,male
John,male
Jonah,male
Joris,male
Josh,male
Juan,male
Kadidiatou,female
Kelyan,male
Keren,female
Leny,male
Leo,male
Loris,male
Louison,male
Lyana,female
Maceo,male
Maissane,female
Malick,male
Marina,female
Mark,male
Matheo,male
Matthew,male
May,female
Melanie,female
Melodie,female
Menahem,male
Michael,male
Mickael,male
Miguel,male
Minh,male
Mohammad,male
Mustapha,male
Nadir,male
Nail,male
Naima,female
Nathaniel,male
Nayel,male
Nelson,male
Nikola,male
Nohan,male
Nola,female
Oriane,female
Paolo,male
Patrick,male
Philemon,male
Quitterie,female
Rosa,female
Saad,male
Safia,female
Samson,male
Sekou,male
Selene,female
Sharon,female
Shelly,female
Sherine,female
Siloe,female
Stephanie,female
Sven,male
Swann,male
Sybille,female
Tesnime,female
Thalia,female
Thibaud,male
Tim,male
Tommy,male
Vladimir,male
Wissem,male
Yannick,male
Yasmina,female
Yassin,male
Yoan,male
Yousra,female
Yuri,male
Zephyr,male
Abd,male
Aicha,female
Aidan,male
Aiden,male
Aimee,female
Aina,female
Aissa,female
Aissatou,female
Akram,male
Alec,male
Alone,male
Aloys,male
Alpha,male
Anabelle,female
Anass,male
Ange,male
Angel,female
Angeline,female
Anita,female
Annabelle,female
Antonia,female
Arie,male
Arielle,female
Arij,female
Armance,female
Armelle,female
Arwa,female
Asia,female
Asmaa,female
Aurel,male
Aydan,male
Aylan,male
Aylin,female
Ayman,male
Barnabe,male
Barthelemy,male
Bella,female
Bradley,male
Camila,female
Cassiopee,female
Castille,female
Cerise,female
Chahinez,female
Charlene,female
Charlize,female
Cheikh,male
Coralie,female
Cosima,female
Cyrielle,female
Cyrine,female
Dalla,female
Daphnee,female
Darren,male
Dayane,male
Dov,male
Driss,male
Eddy,male
Eglantine,female
eline,female
Elissa,female
Eloane,female
eloi,male
Eya,female
Eytan,male
Fantine,female
Farouk,male
Fatma,female
Feryel,female
Franck,male
Franklin,male
Gaelle,female
Gary,male
George,male
Georgia,female
Gianni,male
Gwenaelle,female
Hadja,female
Hadriel,male
Hajar,female
Halima,female
Hania,female
Harouna,male
Hatouma,female
Hedi,male
Helena,female
Ilhan,male
Iliane,male
Ilyane,male
Ilyess,male
Ines,female
Inza,male
Issiaka,male
Jacob,male
Jacqueline,female
Joanne,female
Joe,male
Josue,male
Joyce,female
Juliana,female
Kadidia,female
Kayla,female
Keira,female
Kenzi,male
Kenzy,male
Keyla,female
Kim,male
Laurine,female
Leandro,male
Leontine,female
Leopoldine,female
Leticia,female
Levana,female
Leyla,female
Liana,female
Lilie,female
Lili-Rose,female
Lilly,female
Lily-Rose,female
Lois,female
Loise,female
Lou-Anne,female
Lounis,male
Lubin,male
Lucille,female
Ludmila,female
Mae,male
Mamoudou,male
Marie-Ange,female
Matisse,male
Matys,male
Maxens,male
Mayar,female
Meryem,female
Milla,female
Mira,female
Miya,female
Monica,female
Naia,female
Nala,female
Natacha,female
Nelya,female
Niame,female
Niouma,female
Nizar,male
Noam,male
Nouha,male
Olga,female
Ophelie,female
Paula,female
Peter,male
Priscille,female
Prosper,male
Prudence,female
Rebecca,female
Reda,male
Reda,male
Sadio,female
Said,male
Selena,female
Shai,male
Shaima,female
Shaina,female
Shannon,female
Shayan,male
Shayna,female
Sherine,female
Shirine,female
Sihem,female
Sohan,male
Stephane,male
Steven,male
Swan,male
Talya,female
Tancrede,male
Tanya,female
Tao,male
Tatiana,female
Tea,female
Terence,male
Theo,male
Theophane,male
Tiana,female
Tidiane,male
Tina,female
Tsipora,female
Tyron,male
Vera,female
Viktoria,female
Yahya,male
Yamina,female
Ylan,male
Yoel,male
Yuna,female
Yvan,male
Zacharia,male
Zakary,male
